<?xml version="1.0" encoding="utf-8"?>
<HarvestStatisticXML xmlns:xsi="http://www.w3.org/2001/XMLSchema-instance" xmlns:xsd="http://www.w3.org/2001/XMLSchema">
  <MyCrop>
    <Crop>
      <CropName>Кукуруза</CropName>
      <Season>9</Season>
      <Purpose>Еда</Purpose>
    </Crop>
    <Crop>
      <CropName>Картофель</CropName>
      <Season>9</Season>
      <Purpose>Еда</Purpose>
    </Crop>
    <Crop>
      <CropName>Морковь</CropName>
      <Season>10</Season>
      <Purpose>Еда</Purpose>
    </Crop>
    <Crop>
      <CropName>Свёкла</CropName>
      <Season>11</Season>
      <Purpose>Еда</Purpose>
    </Crop>
    <Crop>
      <CropName>Капуста</CropName>
      <Season>12</Season>
      <Purpose>Еда</Purpose>
    </Crop>
    <Crop>
      <CropName>Огурцы</CropName>
      <Season>1</Season>
      <Purpose>Еда</Purpose>
    </Crop>
    <Crop>
      <CropName>Помидоры</CropName>
      <Season>2</Season>
      <Purpose>Еда</Purpose>
    </Crop>
    <Crop>
      <CropName>Клубника</CropName>
      <Season>3</Season>
      <Purpose>Еда и напитки</Purpose>
    </Crop>
    <Crop>
      <CropName>Малина</CropName>
      <Season>4</Season>
      <Purpose>Еда и напитки</Purpose>
    </Crop>
    <Crop>
      <CropName>Яблоко</CropName>
      <Season>5</Season>
      <Purpose>Еда</Purpose>
    </Crop>
  </MyCrop>
  <HarvestDate>
    <dateTime>2024-06-10T00:00:00</dateTime>
    <dateTime>2024-07-10T00:00:00</dateTime>
    <dateTime>2024-08-10T00:00:00</dateTime>
    <dateTime>2024-09-10T00:00:00</dateTime>
    <dateTime>2024-10-10T00:00:00</dateTime>
    <dateTime>2024-10-11T00:00:00</dateTime>
    <dateTime>2024-10-12T00:00:00</dateTime>
    <dateTime>2024-10-13T00:00:00</dateTime>
    <dateTime>2024-10-14T00:00:00</dateTime>
    <dateTime>2024-10-15T00:00:00</dateTime>
  </HarvestDate>
  <Quantity>
    <double>1</double>
    <double>2</double>
    <double>3</double>
    <double>4</double>
    <double>5</double>
    <double>6</double>
    <double>7</double>
    <double>8</double>
    <double>9</double>
    <double>10</double>
  </Quantity>
</HarvestStatisticXML>